{"cameraMode":{"drawMode":0,"name":"Shaded","section":"Shading Mode"},"sceneLighting":false,"audioPlay":false,"sceneViewState":{"showFog":true,"showMaterialUpdate":false,"showSkybox":true,"showFlares":true,"showImageEffects":true,"showParticleSystems":true,"showVisualEffectGraphs":true,"m_FxEnabled":true},"in2DMode":false,"pivot":{"x":0.03978538513183594,"y":0.12559294700622559,"z":-0.4373348355293274},"rotation":{"x":-0.010650634765625,"y":-0.9716536402702332,"z":0.2319277971982956,"w":-0.04462359473109245},"size":0.9103082418441773,"orthographic":false}