{"cameraMode":{"drawMode":0,"name":"Shaded","section":"Shading Mode"},"sceneLighting":false,"audioPlay":false,"sceneViewState":{"showFog":true,"showMaterialUpdate":false,"showSkybox":false,"showFlares":true,"showImageEffects":true,"showParticleSystems":true,"showVisualEffectGraphs":true,"m_FxEnabled":true},"in2DMode":false,"pivot":{"x":0.014315098524093628,"y":0.22042234241962434,"z":-0.00027763843536376953},"rotation":{"x":-0.09765186160802841,"y":-0.0068701039999723438,"z":0.0006741606048308313,"w":-0.9952006936073303},"size":0.3475397527217865,"orthographic":false}