{"cameraMode":{"drawMode":0,"name":"Shaded","section":"Shading Mode"},"sceneLighting":false,"audioPlay":false,"sceneViewState":{"showFog":true,"showMaterialUpdate":false,"showSkybox":true,"showFlares":true,"showImageEffects":true,"showParticleSystems":true,"showVisualEffectGraphs":true,"m_FxEnabled":true},"in2DMode":false,"pivot":{"x":-0.12503698468208314,"y":0.31054067611694338,"z":-0.007967948913574219},"rotation":{"x":-0.09765186160802841,"y":-0.0068701039999723438,"z":0.0006741606048308313,"w":-0.9952006936073303},"size":0.8751285672187805,"orthographic":false}