{"cameraMode":{"drawMode":0,"name":"Shaded","section":"Shading Mode"},"sceneLighting":false,"audioPlay":false,"sceneViewState":{"showFog":true,"showMaterialUpdate":false,"showSkybox":true,"showFlares":true,"showImageEffects":true,"showParticleSystems":true,"showVisualEffectGraphs":true,"m_FxEnabled":true},"in2DMode":false,"pivot":{"x":0.011293590068817139,"y":0.004505947232246399,"z":-0.2969932556152344},"rotation":{"x":0.07717566937208176,"y":0.8930842280387878,"z":-0.16805624961853028,"w":0.4101279377937317},"size":0.6140441298484802,"orthographic":false}