{"cameraMode":{"drawMode":0,"name":"Shaded","section":"Shading Mode"},"sceneLighting":false,"audioPlay":false,"sceneViewState":{"showFog":true,"showMaterialUpdate":false,"showSkybox":false,"showFlares":true,"showImageEffects":true,"showParticleSystems":true,"showVisualEffectGraphs":true,"m_FxEnabled":true},"in2DMode":false,"pivot":{"x":-0.13116693496704102,"y":0.13605666160583497,"z":0.9089943766593933},"rotation":{"x":-0.1647074967622757,"y":0.7467966675758362,"z":-0.20091307163238526,"w":-0.6122260093688965},"size":1.5140440464019776,"orthographic":false}