{"cameraMode":{"drawMode":0,"name":"Shaded","section":"Shading Mode"},"sceneLighting":false,"audioPlay":false,"sceneViewState":{"showFog":true,"showMaterialUpdate":false,"showSkybox":true,"showFlares":true,"showImageEffects":true,"showParticleSystems":true,"showVisualEffectGraphs":true,"m_FxEnabled":true},"in2DMode":false,"pivot":{"x":-0.5096716284751892,"y":0.11896701157093048,"z":0.2628321945667267},"rotation":{"x":0.17015524208545686,"y":0.012116584926843644,"z":-0.002092443872243166,"w":0.9853437542915344},"size":0.6082398891448975,"orthographic":false}