{"cameraMode":{"drawMode":0,"name":"Shaded","section":"Shading Mode"},"sceneLighting":false,"audioPlay":false,"sceneViewState":{"showFog":true,"showMaterialUpdate":false,"showSkybox":true,"showFlares":true,"showImageEffects":true,"showParticleSystems":true,"showVisualEffectGraphs":true,"m_FxEnabled":true},"in2DMode":false,"pivot":{"x":0.3907809257507324,"y":0.31060633063316347,"z":0.07423016428947449},"rotation":{"x":0.0019157020142301918,"y":0.9770444631576538,"z":-0.2128506302833557,"w":0.008793642744421959},"size":0.8378297686576843,"orthographic":false}