{"cameraMode":{"drawMode":0,"name":"Shaded","section":"Shading Mode"},"sceneLighting":false,"audioPlay":false,"sceneViewState":{"showFog":true,"showMaterialUpdate":false,"showSkybox":true,"showFlares":true,"showImageEffects":true,"showParticleSystems":true,"showVisualEffectGraphs":true,"m_FxEnabled":true},"in2DMode":false,"pivot":{"x":-0.053789108991622928,"y":0.6683771014213562,"z":-0.0715453177690506},"rotation":{"x":-0.6337529420852661,"y":0.08805888891220093,"z":-0.07294405996799469,"w":-0.7650476694107056},"size":0.8700563311576843,"orthographic":false}