{"cameraMode":{"drawMode":0,"name":"Shaded","section":"Shading Mode"},"sceneLighting":false,"audioPlay":false,"sceneViewState":{"showFog":true,"showMaterialUpdate":false,"showSkybox":true,"showFlares":true,"showImageEffects":true,"showParticleSystems":true,"showVisualEffectGraphs":true,"m_FxEnabled":true},"in2DMode":false,"pivot":{"x":-0.12507560849189759,"y":1.2424594163894654,"z":0.15396976470947267},"rotation":{"x":-0.0010323736350983382,"y":0.9988560080528259,"z":-0.025476356968283654,"w":-0.04047580063343048},"size":1.038574457168579,"orthographic":false}