{"cameraMode":{"drawMode":0,"name":"Shaded","section":"Shading Mode"},"sceneLighting":false,"audioPlay":false,"sceneViewState":{"showFog":true,"showMaterialUpdate":false,"showSkybox":false,"showFlares":true,"showImageEffects":true,"showParticleSystems":true,"showVisualEffectGraphs":true,"m_FxEnabled":true},"in2DMode":false,"pivot":{"x":-0.03435811772942543,"y":0.022307373583316804,"z":0.029052428901195527},"rotation":{"x":-0.02425907924771309,"y":-0.968441367149353,"z":0.2250281274318695,"w":-0.10440567135810852},"size":0.23549485206604005,"orthographic":false}