{"cameraMode":{"drawMode":0,"name":"Shaded","section":"Shading Mode"},"sceneLighting":false,"audioPlay":false,"sceneViewState":{"showFog":true,"showMaterialUpdate":false,"showSkybox":false,"showFlares":true,"showImageEffects":true,"showParticleSystems":true,"showVisualEffectGraphs":true,"m_FxEnabled":true},"in2DMode":false,"pivot":{"x":603.7413940429688,"y":185.69293212890626,"z":5.2194976806640629},"rotation":{"x":-0.09765186160802841,"y":-0.0068701039999723438,"z":0.0006741606048308313,"w":-0.9952006936073303},"size":167.5028533935547,"orthographic":false}