{"cameraMode":{"drawMode":0,"name":"Shaded","section":"Shading Mode"},"sceneLighting":false,"audioPlay":false,"sceneViewState":{"showFog":true,"showMaterialUpdate":false,"showSkybox":true,"showFlares":true,"showImageEffects":true,"showParticleSystems":true,"showVisualEffectGraphs":true,"m_FxEnabled":true},"in2DMode":false,"pivot":{"x":-0.35451000928878786,"y":0.5189037919044495,"z":0.1572917401790619},"rotation":{"x":0.0019157020142301918,"y":0.9770444631576538,"z":-0.2128506302833557,"w":0.008793642744421959},"size":0.5052589178085327,"orthographic":false}