{"cameraMode":{"drawMode":0,"name":"Shaded","section":"Shading Mode"},"sceneLighting":false,"audioPlay":false,"sceneViewState":{"showFog":true,"showMaterialUpdate":false,"showSkybox":true,"showFlares":true,"showImageEffects":true,"showParticleSystems":true,"showVisualEffectGraphs":true,"m_FxEnabled":true},"in2DMode":false,"pivot":{"x":-0.37742796540260317,"y":0.6257269382476807,"z":-0.0600588321685791},"rotation":{"x":0.0019157020142301918,"y":0.9770444631576538,"z":-0.2128506302833557,"w":0.008793642744421959},"size":1.0974780321121216,"orthographic":false}