{"cameraMode":{"drawMode":0,"name":"Shaded","section":"Shading Mode"},"sceneLighting":false,"audioPlay":false,"sceneViewState":{"showFog":true,"showMaterialUpdate":false,"showSkybox":false,"showFlares":true,"showImageEffects":true,"showParticleSystems":true,"showVisualEffectGraphs":true,"m_FxEnabled":true},"in2DMode":false,"pivot":{"x":-0.0481194406747818,"y":0.007236018776893616,"z":0.4279669523239136},"rotation":{"x":0.0017270063981413842,"y":0.9982022047042847,"z":-0.04795052856206894,"w":0.03595111146569252},"size":0.21485286951065064,"orthographic":true}